{
  "phase": "ascee_aasce2019_fusion_v3_locked",
  "mode": "locked_zero_shot_ascee",
  "tuning_on_ascee": false,
  "roi_source": "phase5_predicted_points",
  "manifest_path": "external_datasets/ascee_aasce2019/processed/ascee_aasce2019_manifest.jsonl",
  "selected_count": 481,
  "processed_count": 481,
  "base_ok_count": 323,
  "centerline_ok_count": 62,
  "phase5_model_path": ".\\models\\phase5_resnet50_fpn_spatial_offset_radius_hardmining_v1.keras",
  "phase9_model_path": ".\\models\\phase9_cobb_residual_mlp_v2.keras",
  "phase9_scaler_path": ".\\models\\phase9_cobb_residual_mlp_v2_scaler.npz",
  "profile": "anatomical_endpoint_recovery_fill_inner_safe_v2",
  "alpha": 0.55,
  "max_correction_deg": 10.0,
  "colleague_model_path": "models/centerline_daniel_unet_baseline_2000_padding_512.keras",
  "fusion_lock_path": "experiments/fusion_centerline_mlp_v3_holdout3192/fusion_centerline_mlp_v3_lock.json",
  "fusion_lock": {
    "centerline_bias_correction_deg": 5.587282180786133,
    "centerline_weight": 0.28999999165534973,
    "mlp_weight": 0.7100000083446503
  },
  "metrics": {
    "mlp_locked": {
      "total_images": 481,
      "num_images": 323,
      "missing_predictions": 158,
      "coverage_rate": 0.6715176715176715,
      "mae_deg": 19.858915328979492,
      "rmse_deg": 24.831571578979492,
      "bias_deg": 1.9550063610076904,
      "median_abs_error_deg": 17.684600830078125,
      "p90_abs_error_deg": 38.745357513427734,
      "p95_abs_error_deg": 45.736061096191406,
      "within_3deg_rate": 0.08978328173374613,
      "within_5deg_rate": 0.15479876160990713,
      "within_10deg_rate": 0.2848297213622291,
      "failures_gt5": 273,
      "failures_gt10": 231,
      "paper_smape_pct": 27.782228469848633,
      "standard_2x_smape_pct_not_for_curvnet": 55.564456939697266,
      "within_3deg_rate_overall": 0.060291060291060294,
      "within_5deg_rate_overall": 0.10395010395010396,
      "within_10deg_rate_overall": 0.19126819126819128,
      "failures_gt5_overall": 431,
      "failures_gt10_overall": 389
    },
    "geometry_max_angle": {
      "total_images": 481,
      "num_images": 323,
      "missing_predictions": 158,
      "coverage_rate": 0.6715176715176715,
      "mae_deg": 19.769710540771484,
      "rmse_deg": 25.151887893676758,
      "bias_deg": -1.9043989181518555,
      "median_abs_error_deg": 16.204803466796875,
      "p90_abs_error_deg": 40.46710205078125,
      "p95_abs_error_deg": 46.66870880126953,
      "within_3deg_rate": 0.1021671826625387,
      "within_5deg_rate": 0.17027863777089783,
      "within_10deg_rate": 0.30340557275541796,
      "failures_gt5": 268,
      "failures_gt10": 225,
      "paper_smape_pct": 30.20888900756836,
      "standard_2x_smape_pct_not_for_curvnet": 60.41777801513672,
      "within_3deg_rate_overall": 0.06860706860706861,
      "within_5deg_rate_overall": 0.11434511434511435,
      "within_10deg_rate_overall": 0.20374220374220375,
      "failures_gt5_overall": 426,
      "failures_gt10_overall": 383
    },
    "centerline_only": {
      "total_images": 481,
      "num_images": 62,
      "missing_predictions": 419,
      "coverage_rate": 0.1288981288981289,
      "mae_deg": 26.61166000366211,
      "rmse_deg": 32.998138427734375,
      "bias_deg": -26.53984260559082,
      "median_abs_error_deg": 22.001724243164062,
      "p90_abs_error_deg": 45.973487854003906,
      "p95_abs_error_deg": 62.93998336791992,
      "within_3deg_rate": 0.016129032258064516,
      "within_5deg_rate": 0.04838709677419355,
      "within_10deg_rate": 0.1935483870967742,
      "failures_gt5": 59,
      "failures_gt10": 50,
      "paper_smape_pct": 53.61328887939453,
      "standard_2x_smape_pct_not_for_curvnet": 107.22657775878906,
      "within_3deg_rate_overall": 0.002079002079002079,
      "within_5deg_rate_overall": 0.006237006237006237,
      "within_10deg_rate_overall": 0.02494802494802495,
      "failures_gt5_overall": 478,
      "failures_gt10_overall": 469
    },
    "centerline_bias_corrected": {
      "total_images": 481,
      "num_images": 62,
      "missing_predictions": 419,
      "coverage_rate": 0.1288981288981289,
      "mae_deg": 21.352083206176758,
      "rmse_deg": 28.697099685668945,
      "bias_deg": -20.952560424804688,
      "median_abs_error_deg": 16.414443969726562,
      "p90_abs_error_deg": 40.38620376586914,
      "p95_abs_error_deg": 57.35270309448242,
      "within_3deg_rate": 0.0967741935483871,
      "within_5deg_rate": 0.20967741935483872,
      "within_10deg_rate": 0.27419354838709675,
      "failures_gt5": 49,
      "failures_gt10": 45,
      "paper_smape_pct": 35.129947662353516,
      "standard_2x_smape_pct_not_for_curvnet": 70.25989532470703,
      "within_3deg_rate_overall": 0.012474012474012475,
      "within_5deg_rate_overall": 0.02702702702702703,
      "within_10deg_rate_overall": 0.035343035343035345,
      "failures_gt5_overall": 468,
      "failures_gt10_overall": 464
    },
    "fusion_v3_locked": {
      "total_images": 481,
      "num_images": 323,
      "missing_predictions": 158,
      "coverage_rate": 0.6715176715176715,
      "mae_deg": 18.44232749938965,
      "rmse_deg": 23.396682739257812,
      "bias_deg": -0.024759110063314438,
      "median_abs_error_deg": 15.939900398254395,
      "p90_abs_error_deg": 36.069862365722656,
      "p95_abs_error_deg": 44.051734924316406,
      "within_3deg_rate": 0.09287925696594428,
      "within_5deg_rate": 0.15789473684210525,
      "within_10deg_rate": 0.3188854489164087,
      "failures_gt5": 272,
      "failures_gt10": 220,
      "paper_smape_pct": 26.556373596191406,
      "standard_2x_smape_pct_not_for_curvnet": 53.11274719238281,
      "within_3deg_rate_overall": 0.062370062370062374,
      "within_5deg_rate_overall": 0.10602910602910603,
      "within_10deg_rate_overall": 0.21413721413721415,
      "failures_gt5_overall": 430,
      "failures_gt10_overall": 378
    },
    "gt_landmark_geometry_audit": {
      "total_images": 481,
      "num_images": 481,
      "missing_predictions": 0,
      "coverage_rate": 1.0,
      "mae_deg": 2.306912660598755,
      "rmse_deg": 6.02655553817749,
      "bias_deg": 0.9363475441932678,
      "median_abs_error_deg": 1.6927719116210938,
      "p90_abs_error_deg": 4.276359558105469,
      "p95_abs_error_deg": 4.8326416015625,
      "within_3deg_rate": 0.7733887733887734,
      "within_5deg_rate": 0.9563409563409564,
      "within_10deg_rate": 0.9916839916839917,
      "failures_gt5": 21,
      "failures_gt10": 4,
      "paper_smape_pct": 3.5774760246276855,
      "standard_2x_smape_pct_not_for_curvnet": 7.154952049255371,
      "within_3deg_rate_overall": 0.7733887733887734,
      "within_5deg_rate_overall": 0.9563409563409564,
      "within_10deg_rate_overall": 0.9916839916839917,
      "failures_gt5_overall": 21,
      "failures_gt10_overall": 4
    }
  },
  "fusion_effect": {
    "improved_count": 50,
    "rescued_gt5": 4,
    "broken_gt5": 3
  },
  "predictions_csv": "experiments/ascee_aasce2019_fusion_v3_locked/ascee_aasce2019_fusion_v3_locked_predictions.csv",
  "metrics_json": "experiments/ascee_aasce2019_fusion_v3_locked/ascee_aasce2019_fusion_v3_locked_metrics.json",
  "report_path": "sanity_check/reports/ascee_aasce2019_fusion_v3_locked.md"
}