{
  "phase": "final_test_subset5_mlp_v2_locked",
  "model_path": ".\\models\\phase5_resnet50_fpn_spatial_offset_radius_hardmining_v1.keras",
  "profile": "anatomical_endpoint_recovery_fill_inner_safe_v2",
  "aux_phase5_model_path": ".\\models\\phase5_resnet50_fpn_spatial_offset_hard_negative_fulltrain_probe_v1_colab.keras",
  "aux_profile": "anatomical_endpoint_safe_v1",
  "phase7_model_path": ".\\models\\phase7_bilstm_global_endpoint_safe_v1.keras",
  "phase8_model_path": ".\\models\\phase8_aux_angle_head_weighted_endpoint_safe_v2.keras",
  "mlp_experiment_dir": ".\\experiments\\phase9_cobb_residual_mlp_v2_train12000_cal768_val3192",
  "mlp_lock": {
    "metrics_path": ".\\experiments\\phase9_cobb_residual_mlp_v2_train12000_cal768_val3192\\phase9_cobb_residual_mlp_metrics.json",
    "scaler_path": ".\\experiments\\phase9_cobb_residual_mlp_v2_train12000_cal768_val3192\\phase9_cobb_residual_mlp_scaler.npz",
    "seed_list": [
      42
    ],
    "selected_alpha": 0.55,
    "max_correction_deg": 10.0,
    "internal_holdout": {
      "alpha": 0.55,
      "geometric_max_angle": {
        "num_images": 3192,
        "mae_deg": 2.6744754314422607,
        "rmse_deg": 4.192116737365723,
        "bias_deg": 0.6440977454185486,
        "median_abs_error_deg": 1.865781307220459,
        "p90_abs_error_deg": 5.230250835418701,
        "within_3deg_rate": 0.7073934837092731,
        "within_5deg_rate": 0.8894110275689223,
        "within_10deg_rate": 0.968358395989975,
        "failures_gt5": 353,
        "pearson": 0.9560296848637518
      },
      "calibrated_mlp": {
        "num_images": 3192,
        "mae_deg": 2.392725944519043,
        "rmse_deg": 3.911336660385132,
        "bias_deg": 0.27483540773391724,
        "median_abs_error_deg": 1.5945067405700684,
        "p90_abs_error_deg": 4.728724479675293,
        "within_3deg_rate": 0.7719298245614035,
        "within_5deg_rate": 0.9097744360902256,
        "within_10deg_rate": 0.9708646616541353,
        "failures_gt5": 288,
        "pearson": 0.9631419246154638
      },
      "endpoint_pair_oracle": {
        "num_images": 3192,
        "mae_deg": 1.2212071418762207,
        "rmse_deg": 2.480536699295044,
        "bias_deg": -1.0137526988983154,
        "median_abs_error_deg": 0.4454383850097656,
        "p90_abs_error_deg": 3.0962774753570557,
        "within_3deg_rate": 0.8925438596491229,
        "within_5deg_rate": 0.9545739348370927,
        "within_10deg_rate": 0.9871553884711779,
        "failures_gt5": 145,
        "pearson": 0.9882440649911755
      },
      "correction_rate": 0.6118421052631579,
      "corrected_count": 1953,
      "rescued": 111,
      "broken": 46,
      "improved_ge3": 93,
      "worsened_ge3": 52
    }
  },
  "eval": {
    "eval_mode": "window",
    "split": "test",
    "absolute_start_index": 0,
    "relative_start_index": 0,
    "num_images_selected": 3988,
    "test_annotations_path": ".\\processed\\cleaned\\test_ready_annotations_clean.json",
    "num_groups_with_candidates": 3988,
    "skipped_no_candidates": 0
  },
  "feature_names": [
    "geom_angle_norm",
    "geom_angle_delta_from_max_norm",
    "geom_upper_norm",
    "geom_lower_norm",
    "geom_span_norm",
    "geom_center_norm",
    "geom_count_norm",
    "geom_upper_score",
    "geom_lower_score",
    "geom_endpoint_score_mean",
    "geom_endpoint_score_min",
    "geom_mean_sequence_score",
    "geom_min_sequence_score",
    "geom_score_std",
    "geom_upper_is_extreme",
    "geom_lower_is_extreme",
    "geom_either_extreme",
    "geom_pair_region_pt",
    "geom_pair_region_mt",
    "geom_pair_region_tll",
    "geom_top_angle_sin",
    "geom_top_angle_cos",
    "geom_bottom_angle_sin",
    "geom_bottom_angle_cos",
    "geom_aux_available",
    "geom_aux_cobb_norm",
    "geom_aux_abs_delta_norm",
    "geom_aux_signed_delta_norm",
    "candidate_count_norm",
    "top2_angle_norm",
    "top3_angle_norm",
    "top5_mean_angle_norm",
    "top5_std_angle_norm",
    "top1_top2_gap_norm",
    "top1_top3_gap_norm",
    "aux_available_image",
    "aux_geom_signed_delta_norm_image",
    "aux_geom_abs_delta_norm_image"
  ],
  "metrics": {
    "alpha": 0.55,
    "geometric_max_angle": {
      "num_images": 3988,
      "mae_deg": 2.574294090270996,
      "rmse_deg": 4.009030342102051,
      "bias_deg": 0.7738806009292603,
      "median_abs_error_deg": 1.7973380088806152,
      "p90_abs_error_deg": 5.267481327056885,
      "p95_abs_error_deg": 7.008424758911133,
      "p99_abs_error_deg": 15.4419584274292,
      "max_abs_error_deg": 51.05340576171875,
      "within_3deg_rate": 0.7163991975927784,
      "within_5deg_rate": 0.8881644934804414,
      "within_10deg_rate": 0.9744232698094283,
      "failures_gt3": 1131,
      "failures_gt5": 446,
      "failures_gt10": 102,
      "paper_smape_pct": 5.839564800262451,
      "standard_2x_smape_pct_not_for_curvnet": 11.679129600524902,
      "smape_term_median_pct": 4.577724933624268,
      "smape_term_p90_pct": 12.32414436340332,
      "mean_pred_deg": 23.736482620239258,
      "mean_gt_deg": 22.962602615356445,
      "pearson": 0.9605549526324316,
      "r2": 0.9167051938133589
    },
    "calibrated_mlp_v2_original": {
      "num_images": 3988,
      "mae_deg": 2.3448116779327393,
      "rmse_deg": 3.8169023990631104,
      "bias_deg": 0.39632919430732727,
      "median_abs_error_deg": 1.6050300598144531,
      "p90_abs_error_deg": 4.627007484436035,
      "p95_abs_error_deg": 6.321231842041016,
      "p99_abs_error_deg": 16.742111206054688,
      "max_abs_error_deg": 41.580223083496094,
      "within_3deg_rate": 0.7708124373119358,
      "within_5deg_rate": 0.9154964894684052,
      "within_10deg_rate": 0.9761785356068204,
      "failures_gt3": 914,
      "failures_gt5": 337,
      "failures_gt10": 95,
      "paper_smape_pct": 5.312043190002441,
      "standard_2x_smape_pct_not_for_curvnet": 10.624086380004883,
      "smape_term_median_pct": 4.071329593658447,
      "smape_term_p90_pct": 11.358421325683594,
      "mean_pred_deg": 23.358932495117188,
      "mean_gt_deg": 22.962602615356445,
      "pearson": 0.9655071542698985,
      "r2": 0.9244974966305795
    },
    "endpoint_pair_oracle_same_sequence": {
      "num_images": 3988,
      "mae_deg": 1.1117304563522339,
      "rmse_deg": 2.1782071590423584,
      "bias_deg": -0.8991177678108215,
      "median_abs_error_deg": 0.4198007583618164,
      "p90_abs_error_deg": 2.9287824630737305,
      "p95_abs_error_deg": 4.3306684494018555,
      "p99_abs_error_deg": 9.220193862915039,
      "max_abs_error_deg": 24.519283294677734,
      "within_3deg_rate": 0.9037111334002006,
      "within_5deg_rate": 0.9606318956870612,
      "within_10deg_rate": 0.9914744232698094,
      "failures_gt3": 384,
      "failures_gt5": 157,
      "failures_gt10": 34,
      "paper_smape_pct": 2.3947722911834717,
      "standard_2x_smape_pct_not_for_curvnet": 4.789544582366943,
      "smape_term_median_pct": 1.0513782501220703,
      "smape_term_p90_pct": 6.7265706062316895,
      "mean_pred_deg": 22.06348419189453,
      "mean_gt_deg": 22.962602615356445,
      "pearson": 0.9906301535476564,
      "r2": 0.9754111844376223
    },
    "auxiliary_head_max": {
      "num_images": 3988,
      "mae_deg": 6.272694110870361,
      "rmse_deg": 9.05419635772705,
      "bias_deg": -3.060189962387085,
      "median_abs_error_deg": 4.327772617340088,
      "p90_abs_error_deg": 14.325387001037598,
      "p95_abs_error_deg": 19.73843002319336,
      "p99_abs_error_deg": 31.307334899902344,
      "max_abs_error_deg": 61.853485107421875,
      "within_3deg_rate": 0.37387161484453363,
      "within_5deg_rate": 0.5511534603811434,
      "within_10deg_rate": 0.8229689067201604,
      "failures_gt3": 2497,
      "failures_gt5": 1790,
      "failures_gt10": 706,
      "paper_smape_pct": 14.369996070861816,
      "standard_2x_smape_pct_not_for_curvnet": 28.739992141723633,
      "smape_term_median_pct": 11.924829483032227,
      "smape_term_p90_pct": 30.271169662475586,